0|0,1,1,0,0,0,|0,0,0,0,2,2,|0,0,1,0,0,0,|nq=off	2	-180.21657500000001,-371.14786349999997
0|1,0,0,0,1,1,|0,0,0,0,2,2,|2,0,0,0,2,0,|nq=off	2	-1219.2855,-3454.7248223699999
0|0,1,0,2,0,2,|0,0,0,0,2,2,|0,0,0,2,0,2,|nq=off	2	-35636.642578466257,-47922.510147649635
0|0,1,0,0,0,0,|0,0,0,0,2,2,|0,0,0,0,0,0,|nq=off	2	-41446.741803173638,-39289.42496149319
0|0,0,0,0,0,1,|0,0,0,0,2,2,|0,0,0,0,0,0,|nq=off	2	-133066.24520427079,-130113.86751717102
0|0,1,0,1,0,0,|0,0,0,0,2,2,|0,1,0,0,0,0,|nq=off	2	-12637.93771755978,-13223.756088832102
0|0,1,1,0,1,0,|0,0,0,0,2,2,|0,0,1,0,1,0,|nq=off	2	-8055.0139712250002,-3289.2214999999997
0|0,1,0,1,0,2,|0,0,0,0,2,2,|0,0,0,1,0,2,|nq=off	2	-6238.8582343750004,-5658.9695499999998
0|0,1,1,0,1,1,|0,0,0,0,0,0,|0,2,0,0,2,1,|nq=off	2	-26.116050000000001,-57.387879550000008
0|1,1,1,1,1,1,|0,0,0,0,0,0,|0,2,2,2,2,1,|nq=off	2	-15.183999999999999,-48.427399182875
0|0,0,0,0,1,1,|0,0,0,0,2,2,|0,0,0,0,0,1,|nq=off	2	0,-7635.2645000000011
0|0,1,1,1,1,1,|0,0,0,0,0,0,|0,2,0,1,2,1,|nq=off	2	-25.3207067375,-14.03285
0|0,1,1,1,1,1,|0,0,0,0,0,0,|0,1,2,2,1,0,|nq=off	2	0,-21.219957465
0|1,1,0,0,0,0,|0,0,0,0,2,2,|1,0,0,0,0,0,|nq=off	2	-1653.6383799999999,-4181.9092238988997
0|0,0,1,0,2,0,|0,0,0,0,2,2,|0,0,0,0,2,0,|nq=off	2	-428.33000000000004,-858.14885000000004
0|0,1,0,0,0,1,|0,0,0,0,1,1,|0,1,0,0,0,0,|nq=off	2	-37.417349999999999,-82.516901900000008
0|1,1,1,1,1,1,|0,0,0,0,0,0,|0,2,1,2,2,2,|nq=off	2	0,-9.2998499999999993
0|1,0,0,0,2,0,|0,0,0,0,2,2,|0,0,0,0,2,0,|nq=off	2	-7912.2089749999996,-20131.3203075725
0|0,0,1,0,0,1,|0,0,0,0,2,2,|0,0,1,0,0,0,|nq=off	2	-6052.8567985,-2949.6680999999999
0|0,1,0,0,0,1,|0,0,0,0,1,1,|0,0,0,0,0,1,|nq=off	2	-132.12943337350529,-91.429819511206261
0|0,1,0,1,0,1,|0,0,0,0,2,2,|0,2,0,1,0,1,|nq=off	2	-16965.103640879854,-13266.617524023515
0|0,0,0,0,0,1,|0,0,0,0,2,2,|0,0,0,0,0,2,|nq=off	2	-339712.87112631992,-337380.11932235409
0|1,1,1,1,1,1,|0,0,0,0,2,2,|1,1,2,2,2,1,|nq=off	2	-16146.712309999999,-9364.883425
0|1,0,0,1,0,1,|0,0,0,0,2,2,|1,0,0,2,0,1,|nq=off	2	-2453.7165250000003,-5760.4741200000008
0|0,2,0,1,0,1,|0,0,0,0,2,2,|0,2,0,1,0,2,|nq=off	2	-1220.3894870849999,-426.04450000000003
0|0,0,0,1,0,1,|0,0,0,0,2,2,|0,0,0,2,0,1,|nq=off	2	-63191.824526548728,-59313.867976133813
0|0,1,0,1,1,1,|0,0,0,0,0,0,|0,2,0,1,2,2,|nq=off	2	-59.782093165000006,-9.2700000000000014
0|0,2,0,1,0,1,|0,0,0,0,2,2,|0,2,0,1,0,1,|nq=off	2	-667.25519240249992,-369.30964999999998
0|0,0,0,1,0,1,|0,0,0,0,2,2,|0,0,0,2,0,2,|nq=off	2	-89741.33929511538,-91110.462389963854
0|0,1,0,1,0,0,|0,0,0,0,2,2,|0,2,0,2,0,0,|nq=off	2	-42394.667147665961,-36754.550261362478
0|1,0,1,0,1,0,|0,0,0,0,2,2,|2,0,1,0,2,0,|nq=off	2	-49350.018438000421,-66409.946306635306
0|0,1,0,1,0,1,|0,0,0,0,2,2,|0,1,0,1,0,1,|nq=off	2	-4306.3501211070989,-9663.4366005755292
0|0,1,0,1,0,1,|0,0,0,0,2,2,|0,0,0,1,0,0,|nq=off	2	-325.85924999999997,-760.82389345000013
0|0,0,0,1,0,0,|0,0,0,0,2,2,|0,0,0,1,0,0,|nq=off	2	-74623.465471967545,-76725.338263608937
0|0,1,0,0,0,0,|0,0,0,0,2,2,|0,1,0,0,0,0,|nq=off	2	-68493.201291947451,-63016.604536498089
0|0,0,2,0,0,0,|0,0,0,0,2,2,|0,0,2,0,0,0,|nq=off	2	-958.6065500000002,-707.67750000000001
0|0,0,0,0,0,2,|0,0,0,0,2,2,|0,0,0,0,0,2,|nq=off	2	-17390.644193625005,-10156.175225000003
0|0,2,0,0,0,0,|0,0,0,0,2,2,|0,2,0,0,0,0,|nq=off	2	-19838.898338934894,-20545.975013321775
0|0,0,0,0,2,0,|0,0,0,0,2,2,|0,0,0,0,2,0,|nq=off	2	-2112.2900183755937,-1742.3869480000003
0|2,0,2,0,2,0,|0,0,0,0,2,2,|2,0,2,0,2,0,|nq=off	2	-135229.96431193236,-138256.84522461146
0|0,2,0,2,0,2,|0,0,0,0,2,2,|0,2,0,2,0,2,|nq=off	2	-169089.40354132903,-175647.12623004761
0|0,0,0,1,0,1,|0,0,0,0,0,0,|0,0,0,1,0,1,|nq=off	2	-38.371446301250003,-20.199349999999999
0|2,0,2,2,2,2,|0,0,0,0,2,2,|2,0,2,2,2,2,|nq=off	2	-28968.281990642103,-30865.106346343015
0|1,0,1,0,1,0,|0,0,0,0,2,2,|2,0,2,0,1,0,|nq=off	2	-17084.986316120081,-15227.565902114136
0|2,0,0,0,0,0,|0,0,0,0,2,2,|2,0,0,0,0,0,|nq=off	2	-18195.140501024704,-22410.240638991119
0|0,1,0,2,0,2,|0,0,0,0,2,2,|0,1,0,2,0,2,|nq=off	2	-7938.9600000000009,1
0|0,1,0,1,0,1,|0,0,0,0,2,2,|0,2,0,1,0,2,|nq=off	2	-6058.1842745664371,-4817.7873856793331
0|0,1,0,0,0,1,|0,0,0,0,0,0,|0,2,0,0,0,2,|nq=off	2	-42.118150000000007,-35.122044375000002
0|0,0,0,0,0,1,|0,0,0,0,2,2,|0,0,0,0,0,1,|nq=off	2	-305720.26564421697,-311698.37236172875
0|0,1,1,0,1,1,|0,0,0,0,2,2,|0,1,0,0,2,1,|nq=off	2	-316.52955000000003,-115.63
0|1,0,0,1,0,0,|0,0,0,0,2,2,|2,0,0,0,0,0,|nq=off	2	-9265.4318258991771,-12783.09632917503
0|0,0,0,0,0,1,|0,0,0,0,1,2,|0,0,0,0,0,2,|nq=off	2	-3777.4450215848747,-464.43283352975493
0|0,1,0,1,1,1,|0,0,0,0,1,1,|0,2,0,0,1,1,|nq=off	2	-44.929025000000003,-21.295000000000002
0|0,1,0,1,1,1,|0,0,0,0,0,0,|0,2,0,0,1,1,|nq=off	2	0,-47.117200000000004
0|0,0,1,0,0,1,|0,0,0,0,2,2,|0,0,1,0,0,1,|nq=off	2	-2238.7237260874999,-1538.2306500000004
0|1,1,0,0,0,0,|0,0,0,0,2,2,|1,1,0,0,0,0,|nq=off	2	-1445.2536306408449,-542.16700000000003
0|1,1,1,0,1,0,|0,0,0,0,2,2,|1,1,2,0,2,0,|nq=off	2	1,-643.58050000000003
0|1,0,0,1,0,0,|0,0,0,0,2,2,|1,0,0,1,0,0,|nq=off	2	-6017.7534871306298,-9581.9424445847981
0|2,1,2,2,2,2,|0,0,0,0,2,2,|2,1,2,2,2,2,|nq=off	2	-7533.4730682251957,-7807.4879136267209
0|0,0,0,0,0,0,|0,0,0,0,1,1,|0,0,0,0,0,0,|nq=off	2	-370.01516347251533,-1870.120731888991
0|0,0,0,0,0,1,|0,0,0,0,1,1,|0,0,0,0,0,0,|nq=off	2	-46.720050000000001,-85.244388906250009
0|0,1,0,0,1,0,|0,0,0,0,2,2,|0,1,0,0,1,0,|nq=off	2	-4108.2777408144848,-8127.0822648174662
0|0,0,0,0,0,1,|0,0,0,0,1,1,|0,0,0,0,0,1,|nq=off	2	-138.59316876481256,-226.54412996103704
0|1,0,1,0,1,0,|0,0,0,0,2,2,|0,0,2,0,0,0,|nq=off	2	-2588.0882500000002,-6591.6207353750015
0|1,1,0,0,1,1,|0,0,0,0,2,2,|2,2,0,0,2,1,|nq=off	2	0,-290.2835
0|0,0,1,0,0,0,|0,0,0,0,2,2,|0,0,2,0,0,0,|nq=off	2	-69952.353485887637,-70335.914414870305
0|2,1,1,1,1,1,|0,0,0,0,2,2,|2,2,2,2,2,2,|nq=off	2	-697.48927643636034,-939.80568276633653
0|1,0,0,1,0,0,|0,0,0,0,2,2,|1,0,0,2,0,0,|nq=off	2	-2547.1093057429994,-1394.1723455152855
0|0,0,0,0,0,1,|0,0,0,0,1,1,|0,0,0,0,0,2,|nq=off	2	-705.08590363279995,-705.4143118268147
0|1,0,1,0,1,0,|0,0,0,0,2,2,|0,0,1,0,0,0,|nq=off	2	-2780.2264016525,-9894.3465061980787
0|0,0,0,0,0,0,|1,0,1,0,2,2,|0,0,0,0,0,0,|nq=off	2	-14264.307825174905,-3898.3973197724999
0|0,0,1,0,0,0,|0,0,0,0,2,2,|0,0,1,0,0,0,|nq=off	2	-88663.803050681745,-92937.075242451785
0|1,0,1,0,1,0,|0,0,0,0,2,2,|1,0,1,0,1,0,|nq=off	2	-6756.3676567936764,-12893.801155828545
0|0,1,0,1,0,1,|0,0,0,0,2,2,|0,2,0,2,0,1,|nq=off	2	-44237.903315308962,-41985.630396879133
0|1,0,0,0,0,0,|0,0,0,0,2,2,|1,0,0,0,0,0,|nq=off	2	-93558.587025078086,-95611.519820372559
0|0,0,0,0,1,0,|0,0,0,0,2,2,|0,0,0,0,1,0,|nq=off	2	-227858.91387414825,-225843.53981555882
0|1,0,0,0,1,0,|0,0,0,0,2,2,|0,0,0,0,0,0,|nq=off	2	-3872.7481395027621,-11057.493554315184
0|1,0,0,0,1,0,|0,0,0,0,2,2,|2,0,0,0,2,0,|nq=off	2	-111628.49260089277,-108509.16645737055
0|0,1,0,0,0,1,|0,0,0,0,2,2,|0,1,0,0,0,1,|nq=off	2	-34449.840802673323,-30401.533428015235
0|0,1,0,1,0,1,|0,0,0,0,2,2,|0,1,0,2,0,2,|nq=off	2	-68877.417317221829,-62499.506283215436
0|0,0,1,0,1,0,|0,0,0,0,2,2,|0,0,2,0,2,0,|nq=off	2	-115966.89747295775,-120864.08443902337
0|1,0,1,0,0,0,|0,0,0,0,2,2,|2,0,2,0,0,0,|nq=off	2	-24392.109642842323,-18858.894391865848
0|1,0,1,0,1,0,|0,0,0,0,2,2,|1,0,0,0,0,0,|nq=off	2	-518.20400000000006,-1274.9620453250002
0|2,0,1,0,1,0,|0,0,0,0,2,2,|2,0,1,0,1,0,|nq=off	2	-2113.9649999999997,-4221.4256750000004
0|0,1,0,1,0,2,|0,0,0,0,2,2,|0,0,0,0,0,2,|nq=off	2	-27016.357802002502,-13595.538550000001
0|1,1,0,0,0,1,|0,0,0,0,2,2,|1,1,0,0,0,1,|nq=off	2	-2992.0250000000001,-2990.5750000000003
0|2,2,2,2,2,2,|0,0,0,0,2,2,|2,2,2,2,2,2,|nq=off	2	-18171.180765419045,-16514.649809623963
0|0,0,0,0,1,1,|0,0,0,0,1,1,|0,0,0,0,1,1,|nq=off	2	-53.110075000000002,-109.97133600000001
0|0,1,0,1,0,0,|0,1,0,1,2,2,|0,1,0,1,0,0,|nq=off	2	0,-396.80464109812658
0|1,0,0,0,1,0,|0,0,0,0,2,2,|1,0,0,0,1,0,|nq=off	2	-60521.743036651977,-61276.122725670954
0|2,0,1,0,1,0,|0,0,0,0,2,2,|2,0,0,0,0,0,|nq=off	2	-6666.7622500000007,-4911.1334000000006
0|0,1,0,1,0,0,|0,0,0,0,2,2,|0,1,0,1,0,0,|nq=off	2	-29838.544132307918,-31493.010876431552
0|0,0,0,1,0,1,|0,0,0,0,2,2,|0,0,0,1,0,1,|nq=off	2	-45548.87635110414,-51813.042815805689
0|2,2,2,2,2,2,|2,2,2,2,2,2,|2,2,2,2,2,2,|nq=off	2	-1771.5,0
0|2,2,2,2,2,2,|0,2,0,2,2,2,|2,2,2,2,2,2,|nq=off	2	-7287.3299000000006,-895.5
0|0,0,1,0,1,0,|0,0,0,0,2,2,|0,0,1,0,1,0,|nq=off	2	-84650.458054335148,-80481.360121385573
0|1,0,1,0,0,0,|0,0,0,0,2,2,|1,0,1,0,0,0,|nq=off	2	-17850.028359021962,-18618.533530935729
0|0,2,0,1,0,1,|0,0,0,0,2,2,|0,2,0,2,0,2,|nq=off	2	0,-890.22655000000009
0|0,1,1,0,0,1,|0,0,0,0,2,2,|0,1,1,0,0,1,|nq=off	2	-164.73733150000001,-39.290000000000006
0|1,0,1,0,0,0,|0,0,0,0,2,2,|0,0,0,0,0,0,|nq=off	2	-5565.1928477947058,-4422.9029426739471
0|0,1,0,0,0,1,|0,0,0,0,2,2,|0,0,0,0,0,0,|nq=off	2	-21774.83597251301,-15259.154261093106
0|1,0,1,0,1,0,|0,0,0,0,2,2,|1,0,2,0,2,0,|nq=off	2	-28781.114566395954,-35813.406325730582
0|0,1,0,0,0,1,|0,0,0,0,2,2,|0,2,0,0,0,2,|nq=off	2	-79704.642301004278,-71794.065393461438
0|0,0,0,0,0,0,|0,1,0,1,2,2,|0,0,0,0,0,0,|nq=off	2	-2126.0793769429174,-3560.9880945193481
0|0,0,1,0,1,0,|0,0,0,0,2,2,|0,0,0,0,0,0,|nq=off	2	-12386.766527280823,-3736.6820651815483
0|0,0,0,2,0,2,|0,0,0,0,2,2,|0,0,0,2,0,2,|nq=off	2	-19963.687927499999,-21399.907498875004
0|0,0,0,0,0,0,|0,0,0,0,2,2,|0,0,0,0,0,0,|nq=off	2	-199375.48562226209,-200996.85095403384
0|0,1,0,1,0,2,|0,0,0,0,2,2,|0,2,0,2,0,2,|nq=off	2	-1566.5318540197941,-1562.2166590774998
0|1,0,1,0,1,0,|0,0,0,0,2,2,|0,0,1,0,1,0,|nq=off	2	-4078.1555000000008,0
0|0,0,0,0,1,0,|0,0,0,0,2,2,|0,0,0,0,0,0,|nq=off	2	-145536.80153820454,-148403.79721512005
0|1,0,0,0,1,0,|0,0,0,0,2,2,|0,0,0,0,1,0,|nq=off	2	-32967.235964355925,-37431.914385303324
0|1,0,1,0,1,0,|0,0,0,0,2,2,|2,0,0,0,2,0,|nq=off	2	-31094.141734560322,-38168.282421341864
0|0,2,0,1,0,0,|0,0,0,0,2,2,|0,2,0,0,0,0,|nq=off	2	-6740.671843250002,-3314.4005000000006
0|1,0,1,1,0,0,|0,0,0,0,2,2,|0,0,2,2,0,0,|nq=off	2	-1512.635,-6687.4728777750006
0|1,0,0,0,1,0,|0,0,0,0,2,2,|1,0,0,0,0,0,|nq=off	2	-14835.639661106872,-17122.498569399948
0|1,0,0,0,0,0,|0,0,0,0,2,2,|0,0,0,0,0,0,|nq=off	2	-38875.655958327116,-42748.845102152845
0|0,0,1,0,1,0,|0,0,0,0,2,2,|0,0,1,0,0,0,|nq=off	2	-47645.633933531601,-49667.69128219851
0|1,0,1,0,0,0,|0,0,0,0,2,2,|0,0,1,0,0,0,|nq=off	2	-15350.835830266773,-18396.171976265287
0|0,0,1,0,0,0,|0,0,0,0,2,2,|0,0,0,0,0,0,|nq=off	2	-69451.65848648778,-67998.352509539138
0|0,0,0,1,0,0,|0,0,0,0,2,2,|0,0,0,0,0,0,|nq=off	2	-54750.312030827488,-58732.235896419326
0|0,1,0,0,0,1,|0,0,0,0,2,2,|0,1,0,0,0,0,|nq=off	2	-32848.382596671312,-31351.138399583499
0|0,1,0,1,0,1,|0,0,0,0,2,2,|0,2,0,2,0,0,|nq=off	2	-11533.606081782595,-17289.019216349931
0|0,1,0,1,0,1,|0,1,0,1,2,2,|0,2,0,0,0,2,|nq=off	2	0,-338.58729038996398
0|0,1,0,1,0,1,|0,0,0,0,2,2,|0,1,0,0,0,1,|nq=off	2	-14219.132505901873,-15114.691469424688
0|0,1,0,0,0,1,|0,0,0,0,2,2,|0,0,0,0,0,1,|nq=off	2	-14372.893792284065,-20633.124469698316
0|1,0,2,0,2,0,|0,0,0,0,2,2,|2,0,2,0,2,0,|nq=off	2	-44836.17262275028,-43367.66588888166
0|0,0,0,1,0,1,|0,0,0,0,1,1,|0,0,0,1,0,2,|nq=off	2	-1015.9757626071639,-24.640000000000004
0|1,0,0,0,0,0,|0,0,0,0,2,2,|2,0,0,0,0,0,|nq=off	2	-106410.73481356319,-103350.3030064397
0|1,0,1,0,1,0,|0,0,0,0,2,2,|0,0,0,0,2,0,|nq=off	2	-2218.5425200000004,-1929.9729012500002
0|2,0,1,0,1,0,|0,0,0,0,2,2,|2,0,1,0,2,0,|nq=off	2	-6152.1020000000008,-9642.2302275000002
0|1,0,0,0,1,0,|0,0,0,0,2,2,|1,0,0,0,2,0,|nq=off	2	-95173.724298770598,-85749.735317316095
0|1,0,1,0,1,0,|0,0,0,0,2,2,|2,0,0,0,0,0,|nq=off	2	-2110.4299999999998,-6105.6993650000004
0|0,0,1,0,0,1,|0,0,0,0,2,2,|0,0,1,0,0,2,|nq=off	2	-13620.93195,0
0|0,0,0,0,1,0,|0,0,0,0,2,2,|0,0,0,0,2,0,|nq=off	2	-347461.27455680305,-354326.02362916345
0|1,0,1,0,1,0,|0,0,0,0,2,2,|1,0,1,0,2,0,|nq=off	2	-9662.913238492567,-12540.445509866924
0|1,0,0,0,1,0,|0,0,0,0,2,2,|2,0,0,0,1,0,|nq=off	2	-113683.28000130433,-115586.26777930261
0|2,1,1,2,1,1,|0,0,0,0,2,2,|2,1,2,2,2,2,|nq=off	2	-398.73174999999998,-713.10604974875002
0|1,0,0,1,0,0,|0,0,0,0,2,2,|2,0,0,1,0,0,|nq=off	2	-1470.5791073975179,-5181.2797542778126
0|0,1,0,1,0,1,|0,0,0,0,2,2,|0,0,0,2,0,0,|nq=off	2	-1106.7878203612499,-618.91824999999994
0|0,0,0,1,0,1,|0,1,0,1,2,2,|0,0,0,1,0,2,|nq=off	2	0,-1353.3902551053955
0|0,0,0,1,0,0,|0,0,0,0,2,2,|0,0,0,2,0,0,|nq=off	2	-107549.62329452527,-99522.432599516353
0|2,1,1,0,2,0,|0,0,0,0,2,1,|2,0,2,0,2,0,|nq=off	2	-311.60879838125004,-278.09167500000001
0|1,0,1,0,1,0,|0,0,0,0,2,2,|2,0,0,0,1,0,|nq=off	2	-5974.9075738624997,-5135.0277617568754
0|1,0,0,0,1,0,|0,0,0,0,2,2,|0,0,0,0,2,0,|nq=off	2	-56999.726053673949,-62976.38882736188
0|1,0,0,0,1,0,|0,0,0,0,2,2,|2,0,0,0,0,0,|nq=off	2	-27442.91084809928,-35527.035043801516
0|1,0,1,0,1,0,|0,0,0,0,2,2,|0,0,1,0,2,0,|nq=off	2	-19892.383626219209,-20027.3485373154
0|0,1,0,0,0,1,|0,0,0,0,2,2,|0,0,0,0,0,2,|nq=off	2	-29485.376894658875,-21413.006466358449
0|0,1,0,0,0,1,|0,0,0,0,2,2,|0,2,0,0,0,0,|nq=off	2	-14758.376264078672,-16060.437397883117
0|0,1,0,1,0,1,|0,0,0,0,2,2,|0,1,0,0,0,2,|nq=off	2	-12566.808941430943,-10702.405478501869
0|0,0,1,1,0,1,|0,0,0,0,2,2,|0,0,0,2,0,1,|nq=off	2	0,-2285.835
0|0,1,0,1,1,1,|0,0,0,0,2,2,|0,2,0,1,0,1,|nq=off	2	-6319.6713999999993,-11207.195251241248
0|0,0,0,0,1,1,|0,0,0,0,2,2,|0,0,0,0,2,0,|nq=off	2	-9730.953243864551,-23028.5262826693
0|0,0,1,1,0,0,|0,0,0,0,2,2,|0,0,0,2,0,0,|nq=off	2	-4567.4460839092226,-5540.0301185731823
0|0,1,0,2,0,0,|0,0,0,0,2,2,|0,2,0,2,0,0,|nq=off	2	0,-1661.1599999999999
0|0,0,0,1,1,0,|0,0,0,0,2,2,|0,0,0,2,1,0,|nq=off	2	-6743.3628778500006,-2384.1585000000005
0|1,1,0,0,0,0,|0,0,0,0,2,2,|2,1,0,0,0,0,|nq=off	2	-676.41505709812498,-587.708485
0|0,1,0,1,0,1,|0,0,0,0,0,1,|0,1,0,2,0,2,|nq=off	2	-72.593650000000011,-125.40779176625001
0|1,0,0,1,0,1,|0,0,0,0,2,2,|2,0,0,1,0,1,|nq=off	2	-10607.289229009999,-4170.0289750000002
0|0,0,1,1,0,1,|0,0,0,0,2,2,|0,0,2,2,0,2,|nq=off	2	-2472.3809250000004,-6289.7732081825006
0|0,0,1,0,1,0,|0,0,0,0,2,2,|0,0,2,0,1,0,|nq=off	2	-47857.368167064131,-56181.648763574893
0|1,1,0,0,0,0,|0,0,0,0,2,2,|1,2,0,0,0,0,|nq=off	2	-418.47597604999999,-281.66948307478879
0|0,0,1,0,1,0,|0,0,0,0,2,2,|0,0,2,0,0,0,|nq=off	2	-51418.553272284727,-56599.979359076337
0|1,0,1,0,0,0,|0,0,0,0,2,2,|0,0,2,0,0,0,|nq=off	2	-11171.702640317111,-15182.778461436936
0|1,0,1,0,1,0,|0,0,0,0,2,2,|1,0,0,0,2,0,|nq=off	2	-6356.3863320125001,-3451.4669473750005
0|0,0,0,2,0,1,|0,0,0,0,2,2,|0,0,0,2,0,0,|nq=off	2	0,-2046.2049999999999
0|0,0,1,0,1,0,|0,0,0,0,2,2,|0,0,0,0,1,0,|nq=off	2	-12955.59702041464,-16747.10408412795
0|0,0,0,1,1,0,|0,0,0,0,2,2,|0,0,0,0,1,0,|nq=off	2	-7477.1812922831896,-7375.7303194240012
0|1,0,0,1,0,1,|0,0,0,0,2,2,|0,0,0,1,0,2,|nq=off	2	-2515.86022779,-988.21239999999989
0|1,1,0,1,0,0,|0,0,0,0,2,2,|2,0,0,0,0,0,|nq=off	2	-683.96749999999997,-1934.3433592649999
0|1,0,1,0,0,0,|0,0,0,0,2,2,|1,0,2,0,0,0,|nq=off	2	-33065.505413223342,-31794.646343605033
0|1,0,1,0,1,0,|0,0,0,0,2,2,|2,0,2,0,2,0,|nq=off	2	-37427.738179226071,-35735.719726271891
0|0,0,1,1,0,0,|0,0,0,0,2,2,|0,0,1,2,0,0,|nq=off	2	-11636.575352865755,-10733.305848801865
0|1,0,1,0,0,0,|0,0,0,0,2,2,|1,0,0,0,0,0,|nq=off	2	-2312.1804230613652,-1483.4242011534843
0|0,1,0,2,0,2,|0,0,0,0,2,2,|0,2,0,2,0,2,|nq=off	2	-147120.43951639632,-158680.38190655777
0|0,1,0,0,0,0,|0,0,0,0,2,2,|0,2,0,0,0,0,|nq=off	2	-81074.168262308041,-81468.93000635413
0|0,0,1,0,1,0,|0,0,0,0,1,1,|0,0,1,0,2,0,|nq=off	2	-204.02905339112462,-147.28060314495627
0|0,1,0,1,0,2,|0,0,0,0,2,2,|0,2,0,1,0,2,|nq=off	2	-927.14331612499996,-1091.0277527500002
0|0,1,0,2,0,1,|0,0,0,0,2,2,|0,2,0,2,0,1,|nq=off	2	0,-7997.36447185
0|1,0,1,0,0,1,|0,0,0,0,2,2,|2,0,2,0,0,0,|nq=off	2	-3081.15245,-5478.8936015974996
0|0,0,0,1,0,1,|0,0,0,0,2,2,|0,0,0,0,0,1,|nq=off	2	-19562.043013451494,-17817.089073806324
0|0,0,0,0,0,1,|0,1,0,1,2,2,|0,0,0,0,0,0,|nq=off	2	0,-912.6955774967139
0|0,1,0,1,1,1,|0,0,0,0,2,2,|0,0,0,1,1,1,|nq=off	2	-385.83500000000004,-1111.7266925000001
0|0,0,0,1,0,1,|0,0,0,0,2,2,|0,0,0,1,0,2,|nq=off	2	-49882.682525637516,-40538.196893107801
0|2,0,2,0,2,0,|1,0,1,0,1,0,|2,0,2,0,2,0,|nq=off	2	-67.225000000000009,0
0|1,1,0,1,0,0,|0,0,0,0,2,2,|1,0,0,2,0,0,|nq=off	2	-643.73500000000013,1
0|0,0,0,1,0,1,|0,0,0,0,2,2,|0,0,0,0,0,2,|nq=off	2	-31368.298990952644,-41302.461148386094
0|0,1,0,1,0,0,|0,0,0,0,2,2,|0,2,0,0,0,0,|nq=off	2	-9193.1908169150829,-12983.919104661145
0|2,0,1,0,2,0,|0,0,0,0,2,1,|2,0,2,0,2,0,|nq=off	2	-486.45658687890528,-660.84079284554184
0|1,0,1,0,2,0,|0,0,0,0,2,2,|2,0,0,0,2,0,|nq=off	2	-872.60670000000016,-2571.0212645850002
0|1,1,1,1,1,1,|0,0,0,0,2,2,|2,2,2,1,2,2,|nq=off	2	-581.49788729000011,-229.51202500000005
0|1,0,0,0,0,1,|0,0,0,0,2,2,|1,0,0,0,0,2,|nq=off	2	-14428.481817348491,-18304.831022812064
0|0,1,1,0,0,0,|0,0,0,0,1,1,|0,2,1,0,0,0,|nq=off	2	-24.489750000000001,-32.782550000000001
0|0,0,0,0,0,1,|0,0,0,0,0,0,|0,0,0,0,0,2,|nq=off	2	-48.306150405811451,-87.58416855045671
0|1,0,0,0,0,1,|0,0,0,0,2,2,|2,0,0,0,0,2,|nq=off	2	-17128.167628773754,-9656.3439500000022
0|0,0,0,0,0,1,|0,0,0,0,0,1,|0,0,0,0,0,2,|nq=off	2	-155.25862280644296,-189.31923281918785
0|1,0,0,1,0,0,|0,0,0,0,2,2,|0,0,0,0,0,0,|nq=off	2	-1276.1142778338558,-1500.8022405829552
0|0,0,1,1,0,1,|0,0,0,0,2,2,|0,0,1,2,0,1,|nq=off	2	-7210.0818500000005,-2658.3600000000001
0|0,1,1,1,0,0,|0,0,0,0,2,2,|0,1,1,2,0,0,|nq=off	2	-764.99000000000001,-764.245
0|1,0,1,0,0,1,|0,0,0,0,2,2,|2,0,2,0,0,2,|nq=off	2	-13093.204069016763,-7652.4271192499991
0|0,0,0,0,0,1,|0,1,0,1,2,2,|0,0,0,0,0,2,|nq=off	2	-5786.6809094531282,-7080.9895698300861
0|0,1,1,0,0,0,|0,0,0,0,2,2,|0,1,2,0,0,0,|nq=off	2	-49.343942875000003,-60.206710000000001
0|1,1,1,1,1,1,|0,0,0,0,2,2,|1,2,0,2,0,0,|nq=off	2	-717.26675,-1270.1176154374998
0|0,1,0,1,0,1,|0,0,0,0,2,2,|0,0,0,1,0,1,|nq=off	2	-4276.4133123993543,-3860.6570051915983
0|0,1,0,1,0,1,|0,0,0,0,2,2,|0,1,0,1,0,0,|nq=off	2	-16848.760985434761,-8769.1579781812707
0|0,0,0,0,1,1,|0,0,0,0,2,2,|0,0,0,0,2,1,|nq=off	2	-15430.703385000001,-13396.005158374999
0|0,1,1,1,0,0,|0,0,0,0,2,2,|0,2,1,1,0,0,|nq=off	2	-186.02982500000002,-436.58534385000007
0|0,0,0,2,0,1,|0,0,0,0,2,2,|0,0,0,2,0,2,|nq=off	2	-49241.170401501062,-55017.035830185036
0|0,1,0,1,0,0,|0,0,0,0,2,2,|0,2,0,1,0,0,|nq=off	2	-11518.414406219037,-16636.5967928397
0|0,1,0,1,0,1,|0,0,0,0,2,2,|0,1,0,2,0,1,|nq=off	2	-3160.1276634159026,-8212.0265285491514
0|0,2,0,1,0,0,|0,0,0,0,1,1,|0,2,0,2,0,0,|nq=off	2	-156.30774164519812,-78.311683214140629
0|0,2,0,1,0,1,|0,0,0,0,2,2,|0,2,0,2,0,1,|nq=off	2	-816.25856556250005,-554.70955000000004
0|0,1,0,0,1,0,|0,0,0,0,2,2,|0,1,0,0,2,0,|nq=off	2	-631.99853833144743,-639.87658925858909
0|0,1,1,0,0,0,|0,0,0,0,2,2,|0,1,1,0,0,0,|nq=off	2	-553.67693406881517,-567.63710834941526
0|1,1,1,0,0,0,|0,0,0,0,2,2,|0,0,2,0,0,0,|nq=off	2	-195.47194999999999,-408.58024770150001
0|0,1,0,0,1,1,|0,0,0,0,2,2,|0,1,0,0,2,1,|nq=off	2	-1779.69173,-1547.472778625
0|2,0,1,0,1,0,|0,0,0,0,2,2,|2,0,0,0,2,0,|nq=off	2	-3543.3650000000002,-7073.2961750000004
0|0,1,0,1,0,1,|0,0,0,0,2,2,|0,1,0,2,0,0,|nq=off	2	-3225.6233544867987,-6921.3898187343539
0|0,1,0,1,0,1,|0,0,0,0,2,2,|0,0,0,2,0,1,|nq=off	2	-23100.651125402481,-33551.336009271436
0|0,1,0,1,0,1,|0,0,0,0,2,2,|0,2,0,0,0,1,|nq=off	2	-16116.977176712739,-10531.055778637325
0|0,1,0,1,0,2,|0,0,0,0,2,2,|0,2,0,0,0,2,|nq=off	2	-1077.4085100000002,-1027.68862975
0|0,1,0,0,0,1,|0,0,0,0,2,2,|0,1,0,0,0,2,|nq=off	2	-44279.564267185619,-37721.63017106706
0|0,1,0,1,0,1,|0,0,0,0,2,2,|0,2,0,2,0,2,|nq=off	2	-77536.496743329859,-67235.762276039124
0|0,1,0,1,0,1,|0,0,0,0,2,2,|0,0,0,0,0,2,|nq=off	2	-11725.70586349175,-5310.7463578825
0|0,1,0,1,0,2,|0,0,0,0,2,2,|0,1,0,0,0,2,|nq=off	2	-12679.642335385388,-14286.310413530229
0|1,0,0,1,1,1,|0,0,0,0,0,0,|1,0,0,1,1,0,|nq=off	2	-36.813538514207501,-47.043892942732938
0|0,0,0,1,0,1,|0,0,0,0,2,2,|0,0,0,1,0,0,|nq=off	2	-27055.719364299555,-31416.176901793871
0|0,0,0,1,0,0,|0,1,0,1,2,2,|0,0,0,0,0,0,|nq=off	2	0,-823.82978958955027
0|0,1,0,1,0,0,|0,0,0,0,2,2,|0,0,0,1,0,0,|nq=off	2	-11859.572736788667,-17018.602783554634
0|0,1,0,0,0,1,|0,0,0,0,2,2,|0,2,0,0,0,1,|nq=off	2	-45612.496979778582,-42647.547758760498
0|0,1,0,0,0,0,|0,0,0,0,0,0,|0,0,0,0,0,0,|nq=off	2	-61.060422661937253,-47.672838418726286
0|0,1,0,0,0,0,|0,0,0,0,0,1,|0,0,0,0,0,0,|nq=off	2	-27.7636875,-33.012880500000001
0|0,1,0,0,0,0,|0,0,0,0,1,1,|0,0,0,0,0,0,|nq=off	2	-341.75034837491444,-395.34286623820356
0|1,0,0,1,0,0,|0,0,0,0,2,2,|1,0,0,0,0,0,|nq=off	2	-3694.1447998550002,-2279.2889750299546
0|0,1,0,0,0,0,|0,0,0,0,1,2,|0,0,0,0,0,0,|nq=off	2	-95.22002550000002,-255.87155402219378
0|0,1,0,0,1,1,|0,0,0,0,2,2,|0,2,0,0,1,2,|nq=off	2	-2692.935861712464,-1422.985792125
0|1,1,1,1,1,1,|0,0,0,0,2,2,|2,2,2,0,2,2,|nq=off	2	1,-214.28349999999998
0|2,1,1,2,1,1,|0,0,0,0,2,2,|2,2,2,2,2,2,|nq=off	2	-1741.9042881855262,-1153.305910387927
0|2,0,1,2,2,1,|0,0,0,0,2,2,|2,0,2,2,2,2,|nq=off	2	-2116.4768262213829,-2001.0924013210144
0|2,0,2,2,2,1,|0,0,0,0,2,2,|2,0,2,2,2,2,|nq=off	2	-1828.4654046819064,-1487.2777969860877
0|0,1,0,1,0,1,|0,0,0,0,1,1,|0,1,0,1,0,2,|nq=off	2	-28.655000000000001,-143.37811421000001
0|1,0,2,2,2,2,|0,0,0,0,2,2,|2,0,2,2,2,2,|nq=off	2	-15624.982080044658,-13813.221210936732
0|1,0,1,0,0,0,|0,0,0,0,2,2,|2,0,1,0,0,0,|nq=off	2	-30823.527522941102,-31623.697328769354
0|0,1,1,0,1,0,|0,0,0,0,2,2,|0,1,2,0,1,0,|nq=off	2	-1846.1455819175001,-994.86029750000012
0|1,1,2,2,2,2,|0,0,0,0,2,2,|2,2,2,2,2,2,|nq=off	2	-6346.4353263384846,-7816.1057654295246
0|1,0,1,1,1,0,|0,0,0,0,2,2,|1,0,2,1,2,0,|nq=off	2	-353.28800000000001,-1005.4783628700001
0|1,1,2,2,2,2,|0,0,0,0,2,2,|1,2,2,2,2,2,|nq=off	2	-49005.968234640808,-48903.482143944544
0|2,0,2,0,2,0,|0,0,0,0,1,0,|2,0,2,0,2,0,|nq=off	2	-286.5409305,-356.99849021093752
0|2,0,2,0,2,0,|0,0,0,0,2,0,|2,0,2,0,2,0,|nq=off	2	-885.20427588971984,-1035.7373434548108
0|0,0,1,1,0,0,|0,0,0,0,2,2,|0,0,2,0,0,0,|nq=off	2	-17.670000000000002,-76.817013575000004
0|2,0,1,0,2,0,|0,0,0,0,2,0,|2,0,2,0,2,0,|nq=off	2	-317.12933850000002,-229.24111499999998
0|2,0,1,0,1,0,|0,0,0,0,2,1,|2,0,2,0,2,0,|nq=off	2	-411.63745331449383,-628.77477895348409
0|1,0,0,0,1,0,|0,0,0,0,0,0,|0,0,0,0,2,0,|nq=off	2	-16.386522250000002,-18.653300266250003
0|2,1,1,0,2,0,|0,0,0,0,2,1,|2,1,2,0,2,0,|nq=off	2	-365.16146989999999,-159.587975
0|2,1,1,0,1,0,|0,0,0,0,2,1,|2,1,2,0,2,0,|nq=off	2	-370.23390134750002,-213.73464999999999
0|2,0,1,0,1,0,|0,0,0,0,2,1,|2,0,0,0,2,0,|nq=off	2	-353.49183750000009,-264.09488737500004
0|2,0,0,0,1,0,|0,0,0,0,2,1,|2,0,0,0,2,0,|nq=off	2	-61.530000000000001,-160.25334999999998
0|2,0,0,0,1,0,|0,0,0,0,2,2,|2,0,0,0,2,0,|nq=off	2	-59801.814963934055,-54759.758467044565
0|0,0,0,1,1,0,|0,0,0,0,2,2,|0,0,0,1,2,0,|nq=off	2	-3280.1772054486864,-2648.7149330086213
0|0,2,0,1,0,2,|0,0,0,0,2,2,|0,2,0,2,0,2,|nq=off	2	-3003.0073459827436,-2427.0646610888234
0|0,0,0,1,0,1,|0,0,0,0,2,2,|0,0,0,2,0,0,|nq=off	2	-20717.322307470764,-6718.3964883086419
0|0,1,0,1,0,0,|0,0,0,0,2,2,|0,0,0,2,0,0,|nq=off	2	-8644.72709942648,-9992.4583505656319
0|0,1,0,0,1,0,|0,0,0,0,2,2,|0,2,0,0,1,0,|nq=off	2	-30184.279515933493,-19637.502636474743
0|0,2,0,0,0,1,|0,0,0,0,2,2,|0,2,0,0,0,2,|nq=off	2	-1262.403311474189,-882.39981314636884
0|0,1,1,0,0,1,|0,0,0,0,2,2,|0,2,1,0,0,1,|nq=off	2	-1671.3615950000001,-1449.293311375
0|0,1,0,0,1,1,|0,0,0,0,2,2,|0,1,0,0,0,2,|nq=off	2	-519.85550000000012,-1055.6936755000002
0|0,1,0,1,0,0,|0,0,0,0,2,2,|0,1,0,2,0,0,|nq=off	2	-40117.262183977502,-36705.923591582228
0|1,0,1,0,0,1,|0,0,0,0,2,2,|2,0,2,0,0,1,|nq=off	2	-9897.8773012855017,-7651.9589918706242
0|0,0,0,0,0,1,|0,1,0,1,2,2,|0,0,0,0,0,1,|nq=off	2	0,-3935.86157614691
0|0,0,0,1,0,1,|0,0,0,0,2,2,|0,0,0,0,0,0,|nq=off	2	-1807.384707107464,-8108.2225063244659
0|0,1,0,1,0,0,|0,0,0,0,2,2,|0,0,0,0,0,0,|nq=off	2	-3262.3847661135696,-3971.5045681730498
0|0,1,1,0,1,0,|0,0,0,0,2,2,|0,1,2,0,2,0,|nq=off	2	-474.67200000000003,0
0|0,1,0,1,0,1,|0,1,0,1,2,2,|0,1,0,0,0,2,|nq=off	2	0,-210.13000000000002
0|0,2,0,1,0,1,|0,0,0,0,2,2,|0,2,0,2,0,0,|nq=off	2	-282.22500000000002,-280.45500000000004
0|0,2,0,0,0,1,|0,0,0,0,2,2,|0,2,0,0,0,1,|nq=off	2	-1065.9264526107315,-611.27398890832171
0|0,0,1,0,0,1,|0,0,0,0,2,2,|0,0,0,0,0,0,|nq=off	2	-694.61329999999998,-1238.8041711812502
0|0,1,0,1,0,1,|0,0,0,0,2,2,|0,1,0,1,0,2,|nq=off	2	-26077.153061253717,-27477.404894617102
0|0,1,0,1,0,1,|0,0,0,0,2,2,|0,2,0,1,0,0,|nq=off	2	-8742.2686331450186,-5897.7918853298179
0|0,0,0,0,1,1,|0,0,0,0,2,2,|0,0,0,0,1,1,|nq=off	2	-34706.485707140127,-22657.365050218046
0|1,1,0,0,0,1,|0,0,0,0,2,2,|2,2,0,0,0,1,|nq=off	2	-472.00066292250006,-872.77059494014486
0|0,0,1,1,0,0,|0,0,0,0,2,2,|0,0,1,0,0,0,|nq=off	2	-232.46500000000003,-1186.6152031925001
0|1,0,1,0,1,0,|0,0,0,0,2,2,|1,0,2,0,0,0,|nq=off	2	-2563.511635736375,-4871.2975781400219
0|0,0,1,0,1,0,|0,0,0,0,2,2,|0,0,0,0,2,0,|nq=off	2	-30671.319032120649,-15733.199853164891
0|1,0,1,0,0,0,|0,0,0,0,2,2,|2,0,0,0,0,0,|nq=off	2	-4251.1793135845764,-6149.9735616794987
0|0,2,0,0,0,1,|0,0,0,0,2,2,|0,2,0,0,0,0,|nq=off	2	-256.11678953249998,-646.83886847538724
0|0,0,1,0,0,1,|0,0,0,0,2,2,|0,0,0,0,0,1,|nq=off	2	-2481.1075326567657,-1546.6880367812503
0|1,0,1,0,1,0,|0,0,0,0,2,2,|0,0,2,0,2,0,|nq=off	2	-5759.9820827883677,-9189.0578141691494
0|0,1,1,0,1,0,|0,0,0,0,2,2,|0,1,1,0,0,0,|nq=off	2	-4256.6895915728574,-3995.2479959752823
0|0,1,0,1,0,1,|0,0,0,0,2,2,|0,0,0,2,0,2,|nq=off	2	-16943.469648574443,-5462.5723979621207
0|0,1,0,1,0,1,|0,0,0,0,2,2,|0,2,0,0,0,2,|nq=off	2	-6009.9311787577108,-3798.0280221926628
0|0,0,0,0,1,0,|1,0,1,0,2,2,|0,0,0,0,1,0,|nq=off	2	-13920.993746860102,0
0|1,0,0,0,0,0,|1,0,1,0,2,2,|1,0,0,0,0,0,|nq=off	2	-900.90746675103424,0
0|0,1,0,2,0,1,|0,0,0,0,2,2,|0,2,0,2,0,2,|nq=off	2	-62245.116244500401,-59711.381348415474
0|1,0,1,0,2,0,|0,0,0,0,2,2,|2,0,2,0,2,0,|nq=off	2	-6461.1103274999996,-15724.6834273575
0|1,0,1,0,1,1,|0,0,0,0,2,2,|2,0,2,0,1,2,|nq=off	2	-11836.849437997194,-9791.4383884999988
0|0,1,0,1,0,0,|0,0,0,0,1,1,|0,2,0,1,0,0,|nq=off	2	-112.10681694405991,-70.001885786362493
0|0,0,1,0,1,0,|0,0,0,0,2,2,|0,0,1,0,2,0,|nq=off	2	-82903.680485984631,-85536.998393377013
0|1,0,1,0,1,0,|0,0,0,0,2,2,|0,0,2,0,1,0,|nq=off	2	-19760.990121243489,-14869.450009168475
0|0,1,0,1,0,1,|0,0,0,0,2,2,|0,0,0,1,0,2,|nq=off	2	-19707.615338823976,-20595.223552972242
0|0,1,1,0,0,0,|0,0,0,0,0,0,|0,2,1,0,0,0,|nq=off	2	0,-20.286799999999999
0|0,0,1,1,0,0,|0,0,0,0,2,2,|0,0,2,1,0,0,|nq=off	2	-1985.8185714815002,-1928.9334789954473
0|1,1,0,0,1,0,|0,0,0,0,2,2,|2,1,0,0,1,0,|nq=off	2	-183.93049999999999,-452.37468567500002
0|1,0,2,0,0,0,|0,0,0,0,2,2,|1,0,2,0,0,0,|nq=off	2	-45.806049999999999,-89.593365956250011
0|0,1,0,0,0,0,|0,0,0,0,1,1,|0,2,0,0,0,0,|nq=off	2	-109.52326342243749,-836.13392027227246
0|1,1,0,0,1,0,|0,0,0,0,2,2,|1,1,0,0,2,0,|nq=off	2	-283.11472500000002,-329.16287110062501
0|1,0,1,0,1,0,|0,0,0,0,2,2,|2,0,1,0,1,0,|nq=off	2	-26220.47892613642,-22142.25796908898
0|0,0,0,1,1,0,|0,0,0,0,2,2,|0,0,0,1,0,0,|nq=off	2	-2439.5950778226438,-1450.564442033625
0|1,0,1,0,0,1,|0,0,0,0,2,2,|1,0,0,0,0,1,|nq=off	2	-1092.5797000000002,-1887.5381900000002
0|1,0,1,0,0,1,|0,0,0,0,2,2,|1,0,2,0,0,1,|nq=off	2	-2623.7740373749998,-10326.843783156341
0|1,0,0,1,0,1,|0,0,0,0,2,2,|0,0,0,0,0,2,|nq=off	2	-3004.3018549999997,-3468.5583890756247
0|0,1,1,0,0,0,|0,0,0,0,2,2,|0,1,0,0,0,0,|nq=off	2	-3625.5627654186519,-3932.7866843825564
0|0,1,0,0,1,0,|0,0,0,0,2,2,|0,0,0,0,2,0,|nq=off	2	-3884.5843250000007,-5931.2438554324999
0|1,1,1,0,1,0,|0,0,0,0,2,2,|1,0,2,0,2,0,|nq=off	2	-8568.4284357500001,-11756.5226105
0|1,1,1,0,0,0,|0,0,0,0,2,2,|1,0,1,0,0,0,|nq=off	2	-10212.606535415001,-3614.8865000000001
0|0,1,0,0,1,1,|0,0,0,0,2,2,|0,0,0,0,1,1,|nq=off	2	-6506.4363829450003,-2556.3389500000003
0|1,1,0,1,0,1,|0,0,0,0,0,0,|2,1,0,1,0,2,|nq=off	2	0,-11.857165
0|0,0,0,1,1,0,|0,0,0,0,2,2,|0,0,0,1,1,0,|nq=off	2	-17809.040252061062,-10148.718593818883
0|1,1,0,1,0,1,|0,0,0,0,0,0,|1,1,0,2,0,2,|nq=off	2	-26.917665540000002,-7.2650000000000006
0|1,1,1,1,1,1,|0,0,0,0,2,2,|0,2,1,2,1,2,|nq=off	2	-15722.030975750004,-7738.8855000000003
0|1,1,0,1,1,1,|0,0,0,0,0,0,|2,1,0,2,0,2,|nq=off	2	-15.268425000000004,-31.89704755
0|0,1,0,1,0,1,|0,0,0,0,0,0,|0,2,0,2,0,1,|nq=off	2	-30.768395000000002,-22.749115750000001
0|0,1,0,1,0,1,|0,0,0,0,0,0,|0,1,0,2,0,2,|nq=off	2	-65.591660321250004,-30.19115
0|0,1,0,1,1,0,|0,0,0,0,2,2,|0,1,0,1,1,0,|nq=off	2	-509.72785650000003,-583.33240999999998
0|0,1,0,1,0,0,|0,0,0,0,0,0,|0,2,0,2,0,0,|nq=off	2	-40.917207824999998,-10.295999999999999
0|0,0,0,1,0,1,|0,0,0,0,0,0,|0,0,0,2,0,2,|nq=off	2	-33.586500000000008,-69.031384295000009
0|0,0,0,1,0,1,|0,0,0,0,1,1,|0,0,0,2,0,2,|nq=off	2	0,0
0|0,1,0,1,0,1,|0,0,0,0,1,1,|0,1,0,2,0,2,|nq=off	2	-78.342655500000006,-54.240132000000003
0|0,1,0,1,0,1,|0,0,0,0,1,1,|0,2,0,2,0,2,|nq=off	2	-123.67975764625001,-62.827650000000006
0|0,1,0,1,0,1,|0,0,0,0,1,1,|0,1,0,0,0,2,|nq=off	2	-141.06939887000001,-52.51570000000001
0|0,1,0,0,0,1,|0,1,0,1,2,2,|0,0,0,0,0,1,|nq=off	2	0,-307.51580947811073
0|0,0,0,1,0,1,|0,0,0,0,0,0,|0,0,0,2,0,1,|nq=off	2	0,-16.548950000000001
0|0,0,0,1,0,1,|0,0,0,0,0,1,|0,0,0,1,0,1,|nq=off	2	-71.044462805000009,-26.015050000000002
0|1,0,0,0,0,1,|0,0,0,0,2,2,|2,0,0,0,0,1,|nq=off	2	-3479.3505000000005,0
0|0,0,0,0,0,1,|0,0,0,0,0,1,|0,0,0,0,0,1,|nq=off	2	-21.551500000000001,-50.575881871250004
0|0,0,0,1,0,1,|0,0,0,0,0,1,|0,0,0,1,0,2,|nq=off	2	-63.138765000000006,-79.621085500000007
0|0,1,0,0,0,1,|0,0,0,0,0,1,|0,0,0,0,0,2,|nq=off	2	-50.563000000000002,-23.725000000000001
0|0,1,0,0,0,1,|0,0,0,0,1,1,|0,0,0,0,0,2,|nq=off	2	-101.41832500000001,-28.450000000000003
0|1,0,1,0,1,0,|0,0,0,0,1,1,|0,0,2,0,2,0,|nq=off	2	-20.605000000000004,-68.523477499999998
0|1,0,1,0,1,0,|0,0,0,0,1,2,|0,0,2,0,2,0,|nq=off	2	-27.005000000000003,-79.729050000000001
0|0,0,1,0,1,0,|0,0,0,0,1,2,|0,0,2,0,1,0,|nq=off	2	-170.88851140500003,-298.10849449526154
0|0,0,1,0,0,0,|0,0,0,0,1,2,|0,0,2,0,0,0,|nq=off	2	-122.32806804375001,-619.79111401758178
0|0,1,1,0,1,1,|0,0,0,0,1,2,|0,1,2,0,1,1,|nq=off	2	-219.36383625000002,0
0|0,1,0,1,1,1,|0,0,0,0,2,2,|0,2,0,0,2,2,|nq=off	2	-2213.6519446249999,-497.02500000000003
0|0,1,1,0,0,0,|0,0,0,0,2,2,|0,2,1,0,0,0,|nq=off	2	-446.09721808811099,-220.5704191666542
0|0,1,1,0,0,0,|0,0,0,0,2,2,|0,0,2,0,0,0,|nq=off	2	-64.597250000000003,-1478.9299485651252
0|0,1,1,0,0,0,|0,0,0,0,2,2,|0,0,0,0,0,0,|nq=off	2	-6755.1446367022536,-4735.3515318136288
0|0,1,1,1,1,0,|0,0,0,0,0,0,|0,2,1,2,1,0,|nq=off	2	-15.964,-33.846227802499996
0|0,0,0,1,1,0,|0,0,0,0,2,2,|0,0,0,0,0,0,|nq=off	2	-57.354999999999997,-265.30054539999998
0|0,2,0,2,0,1,|0,0,0,0,2,2,|0,2,0,2,0,1,|nq=off	2	-3712.6850000000009,1
0|0,2,0,1,0,2,|0,0,0,0,2,2,|0,2,0,1,0,2,|nq=off	2	-993.46788400000014,-690.64447500000006
0|0,1,0,2,0,1,|0,0,0,0,2,2,|0,1,0,2,0,1,|nq=off	2	0,-131.935
0|0,1,0,0,0,2,|0,0,0,0,2,2,|0,2,0,0,0,2,|nq=off	2	-1767.1172744781002,-1908.2224253465001
0|1,0,0,1,0,0,|0,0,0,0,2,2,|0,0,0,1,0,0,|nq=off	2	-374.97712493,-74.045000000000002
0|1,0,0,0,1,0,|0,0,0,0,0,0,|0,0,0,0,1,0,|nq=off	2	-21.696890500000002,-11.347375000000001
0|1,0,1,1,0,0,|0,0,0,0,2,2,|1,0,2,2,0,0,|nq=off	2	-1890.5050000000001,0
0|0,1,0,1,1,0,|0,0,0,0,0,0,|0,0,0,0,1,0,|nq=off	2	-54.158746191937503,-39.810793000000004
0|0,1,0,1,1,0,|0,0,0,0,1,1,|0,0,0,0,1,0,|nq=off	2	0,-14.755000000000003
0|0,1,0,0,1,0,|0,0,0,0,2,2,|0,1,0,0,0,0,|nq=off	2	-5804.0907157750007,-2367.3895000000002
0|0,0,0,0,1,0,|0,0,0,0,1,1,|0,0,0,0,0,0,|nq=off	2	-180.35030023699002,-166.10717685026916
0|0,1,0,0,0,0,|0,0,0,0,1,1,|0,1,0,0,0,0,|nq=off	2	-53.801072103124994,-43.370694999999998
0|1,0,0,1,1,0,|0,0,0,0,2,2,|2,0,0,0,1,0,|nq=off	2	-480.02434737500005,-660.41022450000014
0|0,1,0,0,1,1,|0,0,0,0,2,2,|0,2,0,0,1,0,|nq=off	2	-199.915525,-405.20897250000002
0|1,0,1,0,2,0,|0,0,0,0,2,2,|1,0,2,0,2,0,|nq=off	2	-1234.312808375,-1122.5303500000002
0|1,0,1,0,1,0,|0,0,0,0,2,2,|1,0,2,0,1,0,|nq=off	2	-1909.9250000000002,-11568.849957320901
0|1,0,0,0,2,1,|0,0,0,0,2,2,|2,0,0,0,2,0,|nq=off	2	-3432.6290135638519,-3344.4058353204864
0|0,1,0,0,1,1,|0,0,0,0,2,2,|0,1,0,0,2,2,|nq=off	2	-1100.9976750000001,-2573.5725262999999
0|0,1,0,0,1,1,|0,0,0,0,2,2,|0,2,0,0,2,2,|nq=off	2	-966.64850000000024,-1962.3740010000004
0|0,1,0,0,1,1,|0,0,0,0,2,2,|0,0,0,0,1,2,|nq=off	2	0,-710.19250000000011
0|0,0,2,0,1,0,|0,0,0,0,2,2,|0,0,2,0,2,0,|nq=off	2	-349.33000000000004,-1016.6423150000001
0|1,0,1,1,0,0,|0,0,0,0,2,2,|1,0,0,2,0,0,|nq=off	2	-1664.4750000000001,-7362.5415668500018
0|0,0,0,1,1,0,|0,0,0,0,2,2,|0,0,0,2,0,0,|nq=off	2	-180.565,-178.16499999999999
0|0,0,1,0,2,0,|0,0,0,0,2,2,|0,0,2,0,2,0,|nq=off	2	-549.87,0
0|1,0,0,0,0,1,|0,0,0,0,2,2,|0,0,0,0,0,1,|nq=off	2	-13143.931107630615,-18115.958887527369
0|1,0,0,1,0,0,|0,0,0,0,2,2,|0,0,0,2,0,0,|nq=off	2	-2145.3050807014592,-2620.6687963300024
0|1,0,1,1,0,0,|0,0,0,0,2,2,|2,0,1,2,0,0,|nq=off	2	-132.82942193991892,-164.2544985530179
0|0,1,0,1,0,1,|0,0,0,0,0,0,|0,2,0,2,0,2,|nq=off	2	-37.7591020825,-21.019459512500003
0|0,1,1,0,1,0,|0,0,0,0,2,2,|0,0,0,0,1,0,|nq=off	2	-13439.169711300001,-2868.8650000000002
0|0,1,0,1,1,0,|0,0,0,0,0,0,|0,2,0,2,1,0,|nq=off	2	-33.887198912499997,-22.889340000000001
0|0,1,0,1,0,0,|0,0,0,0,1,1,|0,2,0,0,0,0,|nq=off	2	-17.420625000000001,-38.618345750000003
0|0,0,1,1,0,0,|0,0,0,0,2,2,|0,0,2,2,0,0,|nq=off	2	-2319.6618527937621,-2829.1932195000004
0|0,2,0,0,0,0,|0,0,0,0,1,1,|0,2,0,0,0,0,|nq=off	2	-61.449373500000014,-25.578700000000005
0|1,0,0,1,1,0,|0,0,0,0,2,2,|0,0,0,1,1,0,|nq=off	2	-465.84845000000007,-826.18550371750018
0|0,0,0,1,1,0,|0,0,0,0,2,2,|0,0,0,0,2,0,|nq=off	2	-7614.3346920643808,-3865.5442246277507
0|1,0,1,0,1,1,|0,0,0,0,2,2,|2,0,2,0,2,1,|nq=off	2	-14770.996949811251,-8329.0904500000015
0|0,0,1,0,0,1,|0,0,0,0,2,2,|0,0,2,0,0,1,|nq=off	2	-2358.0801123020001,-2825.0378201642975
0|1,0,1,0,1,0,|0,0,0,0,2,2,|2,0,2,0,0,0,|nq=off	2	-1741.4691195,-2114.4743313663375
0|2,0,1,0,0,0,|0,0,0,0,2,2,|2,0,0,0,0,0,|nq=off	2	-2397.9345035543511,-2137.1149002505372
0|2,0,1,0,0,0,|0,0,0,0,2,2,|2,0,2,0,0,0,|nq=off	2	-2565.7664883267171,-2934.3328185384507
0|1,1,0,1,0,1,|0,0,0,0,2,2,|2,0,0,0,0,1,|nq=off	2	-2093.5301636000004,-446.36000000000007
0|1,0,1,0,1,0,|0,0,0,0,2,2,|1,0,0,0,1,0,|nq=off	2	-4843.23943882,-14055.659605752757
0|1,0,0,0,0,1,|0,0,0,0,2,2,|1,0,0,0,0,1,|nq=off	2	-7361.8763897330973,-8821.2041138212771
0|0,1,0,1,0,2,|0,0,0,0,2,2,|0,1,0,1,0,2,|nq=off	2	0,-3965.1594999999998
0|1,0,1,0,1,1,|0,0,0,0,2,2,|1,0,1,0,0,2,|nq=off	2	-33382.655984139783,-29577.852097986077
0|2,0,1,0,1,1,|0,0,0,0,2,2,|2,0,2,0,1,2,|nq=off	2	-1972.7049999999999,-5710.5505025000002
0|1,1,0,0,1,0,|0,0,0,0,2,2,|1,0,0,0,1,0,|nq=off	2	-8182.1624494443749,-7086.3766050000013
0|1,0,0,0,2,0,|0,0,0,0,2,2,|1,0,0,0,2,0,|nq=off	2	-11443.274850000002,-16662.426169175003
0|0,0,1,0,0,0,|1,0,1,0,2,2,|0,0,0,0,0,0,|nq=off	2	-2813.1771523412676,0
0|2,0,0,0,1,0,|0,0,0,0,2,2,|2,0,0,0,0,0,|nq=off	2	-11094.566130694653,-11739.539913913648
0|1,0,1,1,0,1,|0,0,0,0,2,2,|1,0,2,2,0,0,|nq=off	2	-6263.6058000000003,-12859.1907065
0|0,0,1,0,0,1,|0,0,0,0,2,2,|0,0,2,0,0,2,|nq=off	2	1,-11820.962600000003
0|0,0,0,1,0,2,|0,0,0,0,2,2,|0,0,0,1,0,2,|nq=off	2	-14889.3329775,-9502.7095000000008
0|0,0,0,0,1,1,|0,0,0,0,2,2,|0,0,0,0,1,0,|nq=off	2	-12412.065544625,-17022.362206499998
0|2,0,1,0,0,0,|0,0,0,0,2,2,|2,0,1,0,0,0,|nq=off	2	-1411.7849999999999,-4866.1689649999998
0|1,0,0,0,0,1,|0,0,0,0,2,2,|0,0,0,0,0,0,|nq=off	2	-7257.9128500000006,-7996.6757663750013
0|2,0,0,0,1,0,|0,0,0,0,2,2,|2,0,0,0,1,0,|nq=off	2	-23918.500312930402,-16369.867084547486
0|1,0,0,0,0,1,|0,0,0,0,2,2,|2,0,0,0,0,0,|nq=off	2	-6469.746160875,-9358.6639062081249
0|1,1,1,1,0,0,|0,0,0,0,2,2,|0,1,0,1,0,0,|nq=off	2	-2815.3735000000001,1
0|0,0,1,1,0,0,|0,0,0,0,2,2,|0,0,0,1,0,0,|nq=off	2	-1153.02,-1150.9949999999999
0|0,2,0,2,0,1,|0,0,0,0,2,2,|0,2,0,2,0,2,|nq=off	2	-59163.712554231257,-42086.086944948795
0|0,1,0,2,0,1,|0,0,0,0,2,2,|0,1,0,2,0,2,|nq=off	2	-35093.748193411433,-35278.004609007548
0|0,1,0,2,0,1,|0,0,0,0,2,2,|0,0,0,2,0,2,|nq=off	2	-15867.9543725,-23733.04027479744
